file,sha256
README.md,346931c49b80c639561ae526a9e1ea6b641b698d031472cb8dc0eb01330829b1
README_REPO.md,a0572a0216e9a62026bbb11f6d1a771a1c084f8cec676aafd8dcfca53a217029
complete_visualization_demo.py,7de226dfe452b2e6062f8b4c523fad38d749923c6e98a22a52d94a1cd2d1a9ec
configuration.json,7f57dc9fb2e689c3040e05f0f48979396c74731a606ab8fb89b530b655bd7116
environment.json,48e145a50b7e95c33d00c2f1fb427a082ea51e10d67b1a3cd0c9e1b1219795d3
figure_manifest.csv,f5b42a697aae3e66628cfdeda609da1eb55aaa61121432c7face25cb81e7a784
native_result/result.json,ba28e4a1663252ab09171c3a0b756877c9a23af380deb22d484b53cfaf2bd8cf
tables/factor_alignment.csv,b93237aed6a535a228338bfc87ea4a4f581748a7da10880ec4a0da5f1ecbbcbd
tables/layer_summary.csv,4bcbcfc78721a711df56b41fe79ab32f246abe3b92c83114616516362a0a4198
tables/probe_metadata.csv,56caa764f9cd5108356d18b1ae36d7859f156866c3f796430d405c18c0c398dc
tables/spectral_observables.csv,c4b98fe7ea683aa39b4d3456a39d9e0d1c569ad1879a3bca2dc2fbc3e484635c
tables/training_history.csv,70f77165b26b764a4acecb3904e5b07c75ade91385484d4d80834715180808ff
trained_model_state.pt,c98a2f8425fc2f24a90bddf31412ec9a0313bfb1b85851b68b29f1f5b0b865ca
visualization_catalog.json,0c00cc2fbdeba27a6c00f47f71de405ab82dd6cb4bfd3f161de5bc49f0b12c2a
