ari,factor,nmi,parameter,site
0.0,background,0.28956590122791576,0.0,0
0.0,cell,0.6088099903278875,0.0,0
0.0,class,0.4231162785339838,0.0,0
0.046146962121359505,background,0.29922078722550255,0.014516129032258065,0
0.27663075208322274,cell,0.6603404586228726,0.014516129032258065,0
0.16172660231770167,class,0.4903392469348806,0.014516129032258065,0
0.07928950385758983,background,0.31922611023275,0.02903225806451613,0
0.4333632965889199,cell,0.7114361505974635,0.02903225806451613,0
0.27991294046339915,class,0.5472760961908653,0.02903225806451613,0
0.08313908313908314,background,0.3255389795009445,0.043548387096774194,0
0.46557971014492755,cell,0.734386208218876,0.043548387096774194,0
0.3262642740619902,class,0.5772610915869275,0.043548387096774194,0
0.026598941470696573,background,0.23097776926322772,0.05806451612903226,0
0.43522367567979864,cell,0.7076396855134885,0.05806451612903226,0
0.5161821032878332,class,0.6492784104390061,0.05806451612903226,0
0.008662193777915272,background,0.13302423486622686,0.07258064516129033,0
0.5021487499607893,cell,0.7169036614506468,0.07258064516129033,0
0.7445154190291634,class,0.779238977724684,0.07258064516129033,0
0.0189265918615655,background,0.11630498131063134,0.08709677419354839,0
0.5515594513526894,cell,0.7500827446319173,0.08709677419354839,0
0.8342042314034233,class,0.8542482222023112,0.08709677419354839,0
-0.02159577339863484,background,0.024928504214456054,0.10161290322580646,0
0.5341529330719093,cell,0.7427724406501844,0.10161290322580646,0
0.9499575911789653,class,0.9431896852023912,0.10161290322580646,0
-0.02159577339863484,background,0.024928504214456054,0.11612903225806452,0
0.5341529330719093,cell,0.7427724406501844,0.11612903225806452,0
0.9499575911789653,class,0.9431896852023912,0.11612903225806452,0
-0.023121387283236993,background,0.0,0.13064516129032258,0
0.549618320610687,cell,0.760187533431869,0.13064516129032258,0
1.0,class,1.0,0.13064516129032258,0
-0.023121387283236993,background,0.0,0.14516129032258066,0
0.549618320610687,cell,0.760187533431869,0.14516129032258066,0
1.0,class,1.0,0.14516129032258066,0
-0.023121387283236993,background,0.0,0.15967741935483873,0
0.549618320610687,cell,0.760187533431869,0.15967741935483873,0
1.0,class,1.0,0.15967741935483873,0
-0.023121387283236993,background,0.0,0.17419354838709677,0
0.549618320610687,cell,0.760187533431869,0.17419354838709677,0
1.0,class,1.0,0.17419354838709677,0
-0.023121387283236993,background,0.0,0.18870967741935485,0
0.549618320610687,cell,0.760187533431869,0.18870967741935485,0
1.0,class,1.0,0.18870967741935485,0
-0.023121387283236993,background,0.0,0.20322580645161292,0
0.549618320610687,cell,0.760187533431869,0.20322580645161292,0
1.0,class,1.0,0.20322580645161292,0
-0.023121387283236993,background,0.0,0.21774193548387097,0
0.549618320610687,cell,0.760187533431869,0.21774193548387097,0
1.0,class,1.0,0.21774193548387097,0
-0.023121387283236993,background,0.0,0.23225806451612904,0
0.549618320610687,cell,0.760187533431869,0.23225806451612904,0
1.0,class,1.0,0.23225806451612904,0
-0.023121387283236993,background,0.0,0.24677419354838712,0
0.549618320610687,cell,0.760187533431869,0.24677419354838712,0
1.0,class,1.0,0.24677419354838712,0
-0.023121387283236993,background,0.0,0.26129032258064516,0
0.549618320610687,cell,0.760187533431869,0.26129032258064516,0
1.0,class,1.0,0.26129032258064516,0
-0.023121387283236993,background,0.0,0.27580645161290324,0
0.549618320610687,cell,0.760187533431869,0.27580645161290324,0
1.0,class,1.0,0.27580645161290324,0
-0.023121387283236993,background,0.0,0.2903225806451613,0
0.549618320610687,cell,0.760187533431869,0.2903225806451613,0
1.0,class,1.0,0.2903225806451613,0
-0.023121387283236993,background,0.0,0.3048387096774194,0
0.549618320610687,cell,0.760187533431869,0.3048387096774194,0
1.0,class,1.0,0.3048387096774194,0
0.0,background,0.0,0.31935483870967746,0
0.0,cell,0.0,0.31935483870967746,0
0.0,class,0.0,0.31935483870967746,0
0.0,background,0.0,0.3338709677419355,0
0.0,cell,0.0,0.3338709677419355,0
0.0,class,0.0,0.3338709677419355,0
0.0,background,0.0,0.34838709677419355,0
0.0,cell,0.0,0.34838709677419355,0
0.0,class,0.0,0.34838709677419355,0
0.0,background,0.0,0.3629032258064516,0
0.0,cell,0.0,0.3629032258064516,0
0.0,class,0.0,0.3629032258064516,0
0.0,background,0.0,0.3774193548387097,0
0.0,cell,0.0,0.3774193548387097,0
0.0,class,0.0,0.3774193548387097,0
0.0,background,0.0,0.39193548387096777,0
0.0,cell,0.0,0.39193548387096777,0
0.0,class,0.0,0.39193548387096777,0
0.0,background,0.0,0.40645161290322585,0
0.0,cell,0.0,0.40645161290322585,0
0.0,class,0.0,0.40645161290322585,0
0.0,background,0.0,0.42096774193548386,0
0.0,cell,0.0,0.42096774193548386,0
0.0,class,0.0,0.42096774193548386,0
0.0,background,0.0,0.43548387096774194,0
0.0,cell,0.0,0.43548387096774194,0
0.0,class,0.0,0.43548387096774194,0
0.0,background,0.0,0.45,0
0.0,cell,0.0,0.45,0
0.0,class,0.0,0.45,0
0.0,background,0.28956590122791576,0.0,1
0.0,cell,0.6088099903278875,0.0,1
0.0,class,0.4231162785339838,0.0,1
0.04697960454616223,background,0.3085219173287205,0.014516129032258065,1
0.25209435626102294,cell,0.6613843428554036,0.014516129032258065,1
0.12426648256817398,class,0.4804618895273896,0.014516129032258065,1
0.032223624187129964,background,0.279729440776345,0.02903225806451613,1
0.3852859876674463,cell,0.6922864324457186,0.02903225806451613,1
0.3945088631214181,class,0.5651558239176576,0.02903225806451613,1
0.028095228855817923,background,0.2573988831284346,0.043548387096774194,1
0.4003428711375975,cell,0.6902121251536949,0.043548387096774194,1
0.4397801099450275,class,0.5890513466254078,0.043548387096774194,1
0.0544175500474797,background,0.25387294776775915,0.05806451612903226,1
0.5047150623127843,cell,0.7349939805272812,0.05806451612903226,1
0.5513593245339641,class,0.6670315796482693,0.05806451612903226,1
0.06719367588932806,background,0.2661230831794372,0.07258064516129033,1
0.5364469663902226,cell,0.7603504570995941,0.07258064516129033,1
0.5703883495145631,class,0.6950893816440165,0.07258064516129033,1
0.03409552158030037,background,0.14346376773136169,0.08709677419354839,1
0.5532084495815066,cell,0.7531976962112877,0.08709677419354839,1
0.771984731014534,class,0.8285346096206159,0.08709677419354839,1
0.0324505997566205,background,0.12896503586564498,0.10161290322580646,1
0.5680515127458763,cell,0.7636793959234514,0.10161290322580646,1
0.8225501853535707,class,0.8632194222998651,0.10161290322580646,1
-0.02159577339863484,background,0.024928504214456054,0.11612903225806452,1
0.5341529330719093,cell,0.7427724406501844,0.11612903225806452,1
0.9499575911789653,class,0.9431896852023912,0.11612903225806452,1
-0.022358859698155393,background,0.012908176693444708,0.13064516129032258,1
0.5420420030632642,cell,0.7512850994763866,0.13064516129032258,1
0.9751996637242539,class,0.9707644008043961,0.13064516129032258,1
-0.022358859698155393,background,0.012908176693444708,0.14516129032258066,1
0.5420420030632642,cell,0.7512850994763866,0.14516129032258066,1
0.9751996637242539,class,0.9707644008043961,0.14516129032258066,1
-0.022358859698155393,background,0.012908176693444708,0.15967741935483873,1
0.5420420030632642,cell,0.7512850994763866,0.15967741935483873,1
0.9751996637242539,class,0.9707644008043961,0.15967741935483873,1
-0.022358859698155393,background,0.012908176693444708,0.17419354838709677,1
0.5420420030632642,cell,0.7512850994763866,0.17419354838709677,1
0.9751996637242539,class,0.9707644008043961,0.17419354838709677,1
-0.023121387283236993,background,0.0,0.18870967741935485,1
0.549618320610687,cell,0.760187533431869,0.18870967741935485,1
1.0,class,1.0,0.18870967741935485,1
-0.023121387283236993,background,0.0,0.20322580645161292,1
0.549618320610687,cell,0.760187533431869,0.20322580645161292,1
1.0,class,1.0,0.20322580645161292,1
-0.023121387283236993,background,0.0,0.21774193548387097,1
0.549618320610687,cell,0.760187533431869,0.21774193548387097,1
1.0,class,1.0,0.21774193548387097,1
-0.023121387283236993,background,0.0,0.23225806451612904,1
0.549618320610687,cell,0.760187533431869,0.23225806451612904,1
1.0,class,1.0,0.23225806451612904,1
-0.023121387283236993,background,0.0,0.24677419354838712,1
0.549618320610687,cell,0.760187533431869,0.24677419354838712,1
1.0,class,1.0,0.24677419354838712,1
-0.023121387283236993,background,0.0,0.26129032258064516,1
0.549618320610687,cell,0.760187533431869,0.26129032258064516,1
1.0,class,1.0,0.26129032258064516,1
-0.023121387283236993,background,0.0,0.27580645161290324,1
0.549618320610687,cell,0.760187533431869,0.27580645161290324,1
1.0,class,1.0,0.27580645161290324,1
-0.023121387283236993,background,0.0,0.2903225806451613,1
0.549618320610687,cell,0.760187533431869,0.2903225806451613,1
1.0,class,1.0,0.2903225806451613,1
-0.023121387283236993,background,0.0,0.3048387096774194,1
0.549618320610687,cell,0.760187533431869,0.3048387096774194,1
1.0,class,1.0,0.3048387096774194,1
-0.023121387283236993,background,0.0,0.31935483870967746,1
0.549618320610687,cell,0.760187533431869,0.31935483870967746,1
1.0,class,1.0,0.31935483870967746,1
0.0,background,0.0,0.3338709677419355,1
0.0,cell,0.0,0.3338709677419355,1
0.0,class,0.0,0.3338709677419355,1
0.0,background,0.0,0.34838709677419355,1
0.0,cell,0.0,0.34838709677419355,1
0.0,class,0.0,0.34838709677419355,1
0.0,background,0.0,0.3629032258064516,1
0.0,cell,0.0,0.3629032258064516,1
0.0,class,0.0,0.3629032258064516,1
0.0,background,0.0,0.3774193548387097,1
0.0,cell,0.0,0.3774193548387097,1
0.0,class,0.0,0.3774193548387097,1
0.0,background,0.0,0.39193548387096777,1
0.0,cell,0.0,0.39193548387096777,1
0.0,class,0.0,0.39193548387096777,1
0.0,background,0.0,0.40645161290322585,1
0.0,cell,0.0,0.40645161290322585,1
0.0,class,0.0,0.40645161290322585,1
0.0,background,0.0,0.42096774193548386,1
0.0,cell,0.0,0.42096774193548386,1
0.0,class,0.0,0.42096774193548386,1
0.0,background,0.0,0.43548387096774194,1
0.0,cell,0.0,0.43548387096774194,1
0.0,class,0.0,0.43548387096774194,1
0.0,background,0.0,0.45,1
0.0,cell,0.0,0.45,1
0.0,class,0.0,0.45,1
0.0,background,0.28956590122791576,0.0,2
0.0,cell,0.6088099903278875,0.0,2
0.0,class,0.4231162785339838,0.0,2
0.026046330543118553,background,0.2720512616990802,0.014516129032258065,2
0.1672168468981218,cell,0.6321016567667705,0.014516129032258065,2
0.09283434870902234,class,0.4798169748632922,0.014516129032258065,2
0.00011660900998950519,background,0.19357468561605662,0.02903225806451613,2
0.23631864471304845,cell,0.6135005854072351,0.02903225806451613,2
0.2737760114809295,class,0.5448341491563613,0.02903225806451613,2
-0.009359768530205642,background,0.13843293965431216,0.043548387096774194,2
0.2721166088598147,cell,0.6010854982052438,0.043548387096774194,2
0.35974903734819724,class,0.5894918011856759,0.043548387096774194,2
-0.003374120110919351,background,0.12272948349407951,0.05806451612903226,2
0.3648023630922306,cell,0.6305022964190439,0.05806451612903226,2
0.49470878936065615,class,0.652286351610376,0.05806451612903226,2
0.0015103400201378668,background,0.10469172824373023,0.07258064516129033,2
0.43875850576308845,cell,0.6599316316398699,0.07258064516129033,2
0.624502784407319,class,0.7187613916869129,0.07258064516129033,2
-0.016926882052867524,background,0.055343372413062454,0.08709677419354839,2
0.48158401540683676,cell,0.6920777830477758,0.08709677419354839,2
0.7945024945872164,class,0.8253617930682726,0.08709677419354839,2
-0.016926882052867524,background,0.055343372413062454,0.10161290322580646,2
0.48158401540683676,cell,0.6920777830477758,0.10161290322580646,2
0.7945024945872164,class,0.8253617930682726,0.10161290322580646,2
-0.020777013980072603,background,0.03489747181783198,0.11612903225806452,2
0.49683070185548,cell,0.6997998859471518,0.11612903225806452,2
0.8472068072512023,class,0.8603833020455297,0.11612903225806452,2
-0.020777013980072603,background,0.03489747181783198,0.13064516129032258,2
0.49683070185548,cell,0.6997998859471518,0.13064516129032258,2
0.8472068072512023,class,0.8603833020455297,0.13064516129032258,2
-0.022779043280182234,background,0.02309419268204233,0.14516129032258066,2
0.5016722408026756,cell,0.7048472388556193,0.14516129032258066,2
0.8672086720867209,class,0.881519730351594,0.14516129032258066,2
-0.02159577339863484,background,0.024928504214456054,0.15967741935483873,2
0.5341529330719093,cell,0.7427724406501844,0.15967741935483873,2
0.9499575911789653,class,0.9431896852023912,0.15967741935483873,2
-0.02159577339863484,background,0.024928504214456054,0.17419354838709677,2
0.5341529330719093,cell,0.7427724406501844,0.17419354838709677,2
0.9499575911789653,class,0.9431896852023912,0.17419354838709677,2
-0.02159577339863484,background,0.024928504214456054,0.18870967741935485,2
0.5341529330719093,cell,0.7427724406501844,0.18870967741935485,2
0.9499575911789653,class,0.9431896852023912,0.18870967741935485,2
-0.022358859698155393,background,0.012908176693444708,0.20322580645161292,2
0.5420420030632642,cell,0.7512850994763866,0.20322580645161292,2
0.9751996637242539,class,0.9707644008043961,0.20322580645161292,2
-0.022358859698155393,background,0.012908176693444708,0.21774193548387097,2
0.5420420030632642,cell,0.7512850994763866,0.21774193548387097,2
0.9751996637242539,class,0.9707644008043961,0.21774193548387097,2
-0.022358859698155393,background,0.012908176693444708,0.23225806451612904,2
0.5420420030632642,cell,0.7512850994763866,0.23225806451612904,2
0.9751996637242539,class,0.9707644008043961,0.23225806451612904,2
-0.022358859698155393,background,0.012908176693444708,0.24677419354838712,2
0.5420420030632642,cell,0.7512850994763866,0.24677419354838712,2
0.9751996637242539,class,0.9707644008043961,0.24677419354838712,2
-0.022358859698155393,background,0.012908176693444708,0.26129032258064516,2
0.5420420030632642,cell,0.7512850994763866,0.26129032258064516,2
0.9751996637242539,class,0.9707644008043961,0.26129032258064516,2
-0.023121387283236993,background,0.0,0.27580645161290324,2
0.549618320610687,cell,0.760187533431869,0.27580645161290324,2
1.0,class,1.0,0.27580645161290324,2
-0.023121387283236993,background,0.0,0.2903225806451613,2
0.549618320610687,cell,0.760187533431869,0.2903225806451613,2
1.0,class,1.0,0.2903225806451613,2
-0.023121387283236993,background,0.0,0.3048387096774194,2
0.549618320610687,cell,0.760187533431869,0.3048387096774194,2
1.0,class,1.0,0.3048387096774194,2
-0.023121387283236993,background,0.0,0.31935483870967746,2
0.549618320610687,cell,0.760187533431869,0.31935483870967746,2
1.0,class,1.0,0.31935483870967746,2
0.0,background,0.0,0.3338709677419355,2
0.0,cell,0.0,0.3338709677419355,2
0.0,class,0.0,0.3338709677419355,2
0.0,background,0.0,0.34838709677419355,2
0.0,cell,0.0,0.34838709677419355,2
0.0,class,0.0,0.34838709677419355,2
0.0,background,0.0,0.3629032258064516,2
0.0,cell,0.0,0.3629032258064516,2
0.0,class,0.0,0.3629032258064516,2
0.0,background,0.0,0.3774193548387097,2
0.0,cell,0.0,0.3774193548387097,2
0.0,class,0.0,0.3774193548387097,2
0.0,background,0.0,0.39193548387096777,2
0.0,cell,0.0,0.39193548387096777,2
0.0,class,0.0,0.39193548387096777,2
0.0,background,0.0,0.40645161290322585,2
0.0,cell,0.0,0.40645161290322585,2
0.0,class,0.0,0.40645161290322585,2
0.0,background,0.0,0.42096774193548386,2
0.0,cell,0.0,0.42096774193548386,2
0.0,class,0.0,0.42096774193548386,2
0.0,background,0.0,0.43548387096774194,2
0.0,cell,0.0,0.43548387096774194,2
0.0,class,0.0,0.43548387096774194,2
0.0,background,0.0,0.45,2
0.0,cell,0.0,0.45,2
0.0,class,0.0,0.45,2
0.0,background,0.28956590122791576,0.0,3
0.0,cell,0.6088099903278875,0.0,3
0.0,class,0.4231162785339838,0.0,3
0.002881619937694704,background,0.21630919314178812,0.014516129032258065,3
0.07855477855477855,cell,0.5830725449205911,0.014516129032258065,3
0.07005253940455342,class,0.47254522375886543,0.014516129032258065,3
0.028990576119692996,background,0.18485684432850302,0.02903225806451613,3
0.3210808292569299,cell,0.6212725929391456,0.02903225806451613,3
0.29617441382147264,class,0.5668489818441395,0.02903225806451613,3
0.002133519531401528,background,0.13620805876557263,0.043548387096774194,3
0.36513964712398134,cell,0.6285330044790014,0.043548387096774194,3
0.47477744807121663,class,0.6339616514593273,0.043548387096774194,3
-0.011076041283426602,background,0.10924638909771585,0.05806451612903226,3
0.41539477801342,cell,0.6597601935142725,0.05806451612903226,3
0.6228390916100789,class,0.7133696493823477,0.05806451612903226,3
-0.011076041283426602,background,0.10924638909771585,0.07258064516129033,3
0.41539477801342,cell,0.6597601935142725,0.07258064516129033,3
0.6228390916100789,class,0.7133696493823477,0.07258064516129033,3
-0.011963760260182747,background,0.10242727953809139,0.08709677419354839,3
0.4240169306389951,cell,0.6638603141075164,0.08709677419354839,3
0.6443324439173831,class,0.7275521343726601,0.08709677419354839,3
-0.008820116054158608,background,0.08461147006494987,0.10161290322580646,3
0.4612218649517685,cell,0.6774783237343235,0.10161290322580646,3
0.714975845410628,class,0.769291968822523,0.10161290322580646,3
-0.008820116054158608,background,0.08461147006494987,0.11612903225806452,3
0.4612218649517685,cell,0.6774783237343235,0.11612903225806452,3
0.714975845410628,class,0.769291968822523,0.11612903225806452,3
-0.015767201901339054,background,0.056705146527612195,0.13064516129032258,3
0.4839960328194031,cell,0.6889796993335335,0.13064516129032258,3
0.7959918142685767,class,0.8188101357468739,0.13064516129032258,3
-0.018852617345953254,background,0.04558595928680061,0.14516129032258066,3
0.48937297615543124,cell,0.6938358510514553,0.14516129032258066,3
0.821087007231164,class,0.8389336906286476,0.14516129032258066,3
-0.020777013980072603,background,0.03489747181783198,0.15967741935483873,3
0.49683070185548,cell,0.6997998859471518,0.15967741935483873,3
0.8472068072512023,class,0.8603833020455297,0.15967741935483873,3
-0.020777013980072603,background,0.03489747181783198,0.17419354838709677,3
0.49683070185548,cell,0.6997998859471518,0.17419354838709677,3
0.8472068072512023,class,0.8603833020455297,0.17419354838709677,3
-0.022779043280182234,background,0.02309419268204233,0.18870967741935485,3
0.5016722408026756,cell,0.7048472388556193,0.18870967741935485,3
0.8672086720867209,class,0.881519730351594,0.18870967741935485,3
-0.022779043280182234,background,0.02309419268204233,0.20322580645161292,3
0.5016722408026756,cell,0.7048472388556193,0.20322580645161292,3
0.8672086720867209,class,0.881519730351594,0.20322580645161292,3
-0.022779043280182234,background,0.02309419268204233,0.21774193548387097,3
0.5016722408026756,cell,0.7048472388556193,0.21774193548387097,3
0.8672086720867209,class,0.881519730351594,0.21774193548387097,3
-0.02159577339863484,background,0.024928504214456054,0.23225806451612904,3
0.5341529330719093,cell,0.7427724406501844,0.23225806451612904,3
0.9499575911789653,class,0.9431896852023912,0.23225806451612904,3
-0.02159577339863484,background,0.024928504214456054,0.24677419354838712,3
0.5341529330719093,cell,0.7427724406501844,0.24677419354838712,3
0.9499575911789653,class,0.9431896852023912,0.24677419354838712,3
-0.02159577339863484,background,0.024928504214456054,0.26129032258064516,3
0.5341529330719093,cell,0.7427724406501844,0.26129032258064516,3
0.9499575911789653,class,0.9431896852023912,0.26129032258064516,3
-0.022358859698155393,background,0.012908176693444708,0.27580645161290324,3
0.5420420030632642,cell,0.7512850994763866,0.27580645161290324,3
0.9751996637242539,class,0.9707644008043961,0.27580645161290324,3
-0.023121387283236993,background,0.0,0.2903225806451613,3
0.549618320610687,cell,0.760187533431869,0.2903225806451613,3
1.0,class,1.0,0.2903225806451613,3
-0.023121387283236993,background,0.0,0.3048387096774194,3
0.549618320610687,cell,0.760187533431869,0.3048387096774194,3
1.0,class,1.0,0.3048387096774194,3
-0.023121387283236993,background,0.0,0.31935483870967746,3
0.549618320610687,cell,0.760187533431869,0.31935483870967746,3
1.0,class,1.0,0.31935483870967746,3
0.0,background,0.0,0.3338709677419355,3
0.0,cell,0.0,0.3338709677419355,3
0.0,class,0.0,0.3338709677419355,3
0.0,background,0.0,0.34838709677419355,3
0.0,cell,0.0,0.34838709677419355,3
0.0,class,0.0,0.34838709677419355,3
0.0,background,0.0,0.3629032258064516,3
0.0,cell,0.0,0.3629032258064516,3
0.0,class,0.0,0.3629032258064516,3
0.0,background,0.0,0.3774193548387097,3
0.0,cell,0.0,0.3774193548387097,3
0.0,class,0.0,0.3774193548387097,3
0.0,background,0.0,0.39193548387096777,3
0.0,cell,0.0,0.39193548387096777,3
0.0,class,0.0,0.39193548387096777,3
0.0,background,0.0,0.40645161290322585,3
0.0,cell,0.0,0.40645161290322585,3
0.0,class,0.0,0.40645161290322585,3
0.0,background,0.0,0.42096774193548386,3
0.0,cell,0.0,0.42096774193548386,3
0.0,class,0.0,0.42096774193548386,3
0.0,background,0.0,0.43548387096774194,3
0.0,cell,0.0,0.43548387096774194,3
0.0,class,0.0,0.43548387096774194,3
0.0,background,0.0,0.45,3
0.0,cell,0.0,0.45,3
0.0,class,0.0,0.45,3
0.0,background,0.28956590122791576,0.0,4
0.0,cell,0.6088099903278875,0.0,4
0.0,class,0.4231162785339838,0.0,4
-0.0005062009617818274,background,0.21726536414554365,0.014516129032258065,4
0.07487126077648557,cell,0.5839112771634147,0.014516129032258065,4
0.07691635346560616,class,0.47266249989223064,0.014516129032258065,4
0.0063399455464799685,background,0.18227386747670443,0.02903225806451613,4
0.2001019367991845,cell,0.5902715100739466,0.02903225806451613,4
0.20270270270270271,class,0.5229705535972404,0.02903225806451613,4
-0.010944443366386588,background,0.11620963873496147,0.043548387096774194,4
0.31154908671092235,cell,0.5961091803940234,0.043548387096774194,4
0.4285751985854907,class,0.6070806789753027,0.043548387096774194,4
-0.015900100829907702,background,0.08090520795070065,0.05806451612903226,4
0.3427200990252205,cell,0.5976672358565639,0.05806451612903226,4
0.5001033271337053,class,0.6487689002321536,0.05806451612903226,4
-0.013400205263259813,background,0.07983277221354335,0.07258064516129033,4
0.40960914891391514,cell,0.6262052832869871,0.07258064516129033,4
0.6195064863922711,class,0.6936105871583242,0.07258064516129033,4
-0.010645504693699797,background,0.07524793559414783,0.08709677419354839,4
0.4331704028316197,cell,0.6442567730844648,0.08709677419354839,4
0.6590434034181729,class,0.7268207070005173,0.08709677419354839,4
-0.015667311411992263,background,0.057383595306932975,0.10161290322580646,4
0.44983922829581996,cell,0.6524355105788018,0.10161290322580646,4
0.714975845410628,class,0.7593917045455795,0.10161290322580646,4
-0.016434965873276745,background,0.0490486246106587,0.11612903225806452,4
0.4614322908497757,cell,0.6578867158654826,0.11612903225806452,4
0.7445154190291634,class,0.7771653886491632,0.11612903225806452,4
-0.016081334441502212,background,0.04951303518227003,0.13064516129032258,4
0.47361805193610695,cell,0.6736166355702367,0.13064516129032258,4
0.771984731014534,class,0.8018179575976598,0.13064516129032258,4
-0.018852617345953254,background,0.04558595928680061,0.14516129032258066,4
0.48937297615543124,cell,0.6938358510514553,0.14516129032258066,4
0.821087007231164,class,0.8389336906286476,0.14516129032258066,4
-0.020777013980072603,background,0.03489747181783198,0.15967741935483873,4
0.49683070185548,cell,0.6997998859471518,0.15967741935483873,4
0.8472068072512023,class,0.8603833020455297,0.15967741935483873,4
-0.020777013980072603,background,0.03489747181783198,0.17419354838709677,4
0.49683070185548,cell,0.6997998859471518,0.17419354838709677,4
0.8472068072512023,class,0.8603833020455297,0.17419354838709677,4
-0.020777013980072603,background,0.03489747181783198,0.18870967741935485,4
0.49683070185548,cell,0.6997998859471518,0.18870967741935485,4
0.8472068072512023,class,0.8603833020455297,0.18870967741935485,4
-0.020777013980072603,background,0.03489747181783198,0.20322580645161292,4
0.49683070185548,cell,0.6997998859471518,0.20322580645161292,4
0.8472068072512023,class,0.8603833020455297,0.20322580645161292,4
-0.020777013980072603,background,0.03489747181783198,0.21774193548387097,4
0.49683070185548,cell,0.6997998859471518,0.21774193548387097,4
0.8472068072512023,class,0.8603833020455297,0.21774193548387097,4
-0.020777013980072603,background,0.03489747181783198,0.23225806451612904,4
0.49683070185548,cell,0.6997998859471518,0.23225806451612904,4
0.8472068072512023,class,0.8603833020455297,0.23225806451612904,4
-0.022779043280182234,background,0.02309419268204233,0.24677419354838712,4
0.5016722408026756,cell,0.7048472388556193,0.24677419354838712,4
0.8672086720867209,class,0.881519730351594,0.24677419354838712,4
-0.022358859698155393,background,0.012908176693444708,0.26129032258064516,4
0.5420420030632642,cell,0.7512850994763866,0.26129032258064516,4
0.9751996637242539,class,0.9707644008043961,0.26129032258064516,4
-0.022358859698155393,background,0.012908176693444708,0.27580645161290324,4
0.5420420030632642,cell,0.7512850994763866,0.27580645161290324,4
0.9751996637242539,class,0.9707644008043961,0.27580645161290324,4
-0.023121387283236993,background,0.0,0.2903225806451613,4
0.549618320610687,cell,0.760187533431869,0.2903225806451613,4
1.0,class,1.0,0.2903225806451613,4
-0.023121387283236993,background,0.0,0.3048387096774194,4
0.549618320610687,cell,0.760187533431869,0.3048387096774194,4
1.0,class,1.0,0.3048387096774194,4
-0.015296367112810707,background,0.0,0.31935483870967746,4
0.2585278276481149,cell,0.5242524223457241,0.31935483870967746,4
0.562962962962963,class,0.7336804366512109,0.31935483870967746,4
0.0,background,0.0,0.3338709677419355,4
0.0,cell,0.0,0.3338709677419355,4
0.0,class,0.0,0.3338709677419355,4
0.0,background,0.0,0.34838709677419355,4
0.0,cell,0.0,0.34838709677419355,4
0.0,class,0.0,0.34838709677419355,4
0.0,background,0.0,0.3629032258064516,4
0.0,cell,0.0,0.3629032258064516,4
0.0,class,0.0,0.3629032258064516,4
0.0,background,0.0,0.3774193548387097,4
0.0,cell,0.0,0.3774193548387097,4
0.0,class,0.0,0.3774193548387097,4
0.0,background,0.0,0.39193548387096777,4
0.0,cell,0.0,0.39193548387096777,4
0.0,class,0.0,0.39193548387096777,4
0.0,background,0.0,0.40645161290322585,4
0.0,cell,0.0,0.40645161290322585,4
0.0,class,0.0,0.40645161290322585,4
0.0,background,0.0,0.42096774193548386,4
0.0,cell,0.0,0.42096774193548386,4
0.0,class,0.0,0.42096774193548386,4
0.0,background,0.0,0.43548387096774194,4
0.0,cell,0.0,0.43548387096774194,4
0.0,class,0.0,0.43548387096774194,4
0.0,background,0.0,0.45,4
0.0,cell,0.0,0.45,4
0.0,class,0.0,0.45,4
