background,cell,class,probe_id
bg_0,c0_b0,class_0,probe_000
bg_0,c0_b0,class_0,probe_001
bg_0,c0_b0,class_0,probe_002
bg_0,c0_b0,class_0,probe_003
bg_0,c0_b0,class_0,probe_004
bg_0,c0_b0,class_0,probe_005
bg_0,c0_b0,class_0,probe_006
bg_0,c0_b0,class_0,probe_007
bg_0,c0_b0,class_0,probe_008
bg_0,c0_b0,class_0,probe_009
bg_1,c0_b1,class_0,probe_010
bg_1,c0_b1,class_0,probe_011
bg_1,c0_b1,class_0,probe_012
bg_1,c0_b1,class_0,probe_013
bg_1,c0_b1,class_0,probe_014
bg_1,c0_b1,class_0,probe_015
bg_1,c0_b1,class_0,probe_016
bg_1,c0_b1,class_0,probe_017
bg_1,c0_b1,class_0,probe_018
bg_1,c0_b1,class_0,probe_019
bg_0,c1_b0,class_1,probe_020
bg_0,c1_b0,class_1,probe_021
bg_0,c1_b0,class_1,probe_022
bg_0,c1_b0,class_1,probe_023
bg_0,c1_b0,class_1,probe_024
bg_0,c1_b0,class_1,probe_025
bg_0,c1_b0,class_1,probe_026
bg_0,c1_b0,class_1,probe_027
bg_0,c1_b0,class_1,probe_028
bg_0,c1_b0,class_1,probe_029
bg_1,c1_b1,class_1,probe_030
bg_1,c1_b1,class_1,probe_031
bg_1,c1_b1,class_1,probe_032
bg_1,c1_b1,class_1,probe_033
bg_1,c1_b1,class_1,probe_034
bg_1,c1_b1,class_1,probe_035
bg_1,c1_b1,class_1,probe_036
bg_1,c1_b1,class_1,probe_037
bg_1,c1_b1,class_1,probe_038
bg_1,c1_b1,class_1,probe_039
bg_0,c2_b0,class_2,probe_040
bg_0,c2_b0,class_2,probe_041
bg_0,c2_b0,class_2,probe_042
bg_0,c2_b0,class_2,probe_043
bg_0,c2_b0,class_2,probe_044
bg_0,c2_b0,class_2,probe_045
bg_0,c2_b0,class_2,probe_046
bg_0,c2_b0,class_2,probe_047
bg_0,c2_b0,class_2,probe_048
bg_0,c2_b0,class_2,probe_049
bg_1,c2_b1,class_2,probe_050
bg_1,c2_b1,class_2,probe_051
bg_1,c2_b1,class_2,probe_052
bg_1,c2_b1,class_2,probe_053
bg_1,c2_b1,class_2,probe_054
bg_1,c2_b1,class_2,probe_055
bg_1,c2_b1,class_2,probe_056
bg_1,c2_b1,class_2,probe_057
bg_1,c2_b1,class_2,probe_058
bg_1,c2_b1,class_2,probe_059
