algebraic_connectivity,effective_rank,energy,operator,parameter,site,spectral_entropy
0.0,1.0,0.0,normalized_laplacian,0.0,0,0.0
-3.020575386035854e-16,16.855290230811605,24.000000000000007,normalized_laplacian,0.014516129032258065,0,2.824664567808709
-1.5260596482729716e-16,28.334162372891814,38.999999999999986,normalized_laplacian,0.02903225806451613,0,3.344068227613846
-7.541283368592242e-17,34.747353762035736,48.00000000000002,normalized_laplacian,0.043548387096774194,0,3.5481034183784024
-9.086741735422772e-17,38.4518099182178,50.00000000000002,normalized_laplacian,0.05806451612903226,0,3.6494057668390627
-1.0382240259958133e-16,43.94496213429397,53.00000000000004,normalized_laplacian,0.07258064516129033,0,3.7829379903549327
-1.1102230246251565e-16,49.05447293460357,57.00000000000002,normalized_laplacian,0.08709677419354839,0,3.8929313731809856
0.0,51.037247452023344,58.0,normalized_laplacian,0.10161290322580646,0,3.9325557083507836
-4.163336342344337e-17,51.739790628406155,58.00000000000002,normalized_laplacian,0.11612903225806452,0,3.9462271301398415
5.551115123125783e-17,53.97317770678906,60.000000000000014,normalized_laplacian,0.13064516129032258,0,3.988487214029892
-5.551115123125783e-17,54.51429706889109,60.00000000000003,normalized_laplacian,0.14516129032258066,0,3.9984629988055826
-5.551115123125783e-17,54.95791719485005,60.0,normalized_laplacian,0.15967741935483873,0,4.00656775045018
0.0,55.339086411206225,59.999999999999986,normalized_laplacian,0.17419354838709677,0,4.013479465570653
0.0,55.61723176137064,59.99999999999999,normalized_laplacian,0.18870967741935485,0,4.018493077005746
0.0,55.881629141446034,59.999999999999986,normalized_laplacian,0.20322580645161292,0,4.023235688248787
0.0,56.110657225896055,60.00000000000001,normalized_laplacian,0.21774193548387097,0,4.027325762862987
1.1102230246251565e-16,56.26087796585388,59.99999999999998,normalized_laplacian,0.23225806451612904,0,4.02999940844748
0.0,56.44433123799347,59.99999999999999,normalized_laplacian,0.24677419354838712,0,4.033254864614151
-1.1102230246251565e-16,56.616672700414206,59.999999999999986,normalized_laplacian,0.26129032258064516,0,4.036303512510409
-5.003943662388854e-17,56.73590380109283,60.00000000000001,normalized_laplacian,0.27580645161290324,0,4.0384072343371455
0.0,56.839249794844676,60.000000000000014,normalized_laplacian,0.2903225806451613,0,4.040227104599305
3.0908479341733248e-18,56.920774985234964,60.000000000000014,normalized_laplacian,0.3048387096774194,0,4.041660388470407
0.0029124536639018555,57.051738689159514,60.000000000000014,normalized_laplacian,0.31935483870967746,0,4.043958552428425
0.030500863285699408,57.30325760075161,60.00000000000001,normalized_laplacian,0.3338709677419355,0,4.048357473775757
0.05154856974842888,57.508113880768704,59.99999999999999,normalized_laplacian,0.34838709677419355,0,4.051926048817979
0.06455425856516027,57.65252502494126,59.99999999999999,normalized_laplacian,0.3629032258064516,0,4.054434044974319
0.08071947472818711,57.77524085075394,60.000000000000014,normalized_laplacian,0.3774193548387097,0,4.056560324922918
0.0980895450162549,57.87697160181497,60.000000000000036,normalized_laplacian,0.39193548387096777,0,4.058319578380185
0.11141120819103917,57.95897948140572,60.000000000000036,normalized_laplacian,0.40645161290322585,0,4.059735510006335
0.1307795675296578,58.03966150287945,60.0,normalized_laplacian,0.42096774193548386,0,4.061126595863891
0.14663449355595096,58.1064402394158,60.000000000000064,normalized_laplacian,0.43548387096774194,0,4.062276505208984
0.15733683133467402,58.16162273833491,60.00000000000004,normalized_laplacian,0.45,0,4.063225734114141
0.0,1.0,0.0,normalized_laplacian,0.0,1,0.0
0.0,16.257127060740476,25.0,normalized_laplacian,0.014516129032258065,1,2.7885314009772477
-1.8845715356444757e-16,27.445263198338846,38.00000000000001,normalized_laplacian,0.02903225806451613,1,3.3121935919846113
-1.0075232222230443e-18,32.29835205159184,42.99999999999998,normalized_laplacian,0.043548387096774194,1,3.4750162088524865
-5.441821032654021e-17,39.667206633731666,49.00000000000002,normalized_laplacian,0.05806451612903226,1,3.680524816965853
-2.3408851533911513e-16,43.84959410534751,55.00000000000001,normalized_laplacian,0.07258064516129033,1,3.7807654623408586
0.0,48.60525010526685,58.000000000000014,normalized_laplacian,0.08709677419354839,1,3.88373155192931
0.0,50.52306717509038,58.00000000000004,normalized_laplacian,0.10161290322580646,1,3.922430007735395
-1.6613732673845438e-16,51.431920825325776,58.00000000000001,normalized_laplacian,0.11612903225806452,1,3.9402590074332733
-5.551115123125783e-17,52.97368205394328,59.00000000000001,normalized_laplacian,0.13064516129032258,1,3.969795225202945
0.0,53.552976751147376,59.00000000000002,normalized_laplacian,0.14516129032258066,1,3.9806713836055083
0.0,54.19253539416225,59.00000000000002,normalized_laplacian,0.15967741935483873,1,3.9925431756059284
0.0,54.53080466899452,58.99999999999999,normalized_laplacian,0.17419354838709677,1,3.9987657652749875
0.0,55.739225983390504,60.0,normalized_laplacian,0.18870967741935485,1,4.0206841357605905
0.0,55.95870275705978,60.000000000000014,normalized_laplacian,0.20322580645161292,1,4.0246139679177855
1.1102230246251565e-16,56.17240409634459,60.0,normalized_laplacian,0.21774193548387097,1,4.028425605990629
0.0,56.37979638782514,60.00000000000002,normalized_laplacian,0.23225806451612904,1,4.032110874253854
0.0,56.53816790313632,60.00000000000001,normalized_laplacian,0.24677419354838712,1,4.034915948187844
0.0,56.65392395273623,60.000000000000014,normalized_laplacian,0.26129032258064516,1,4.036961251672481
1.1102230246251565e-16,56.75514772558798,60.000000000000014,normalized_laplacian,0.27580645161290324,1,4.038746361068649
0.0,56.844145285690786,60.0,normalized_laplacian,0.2903225806451613,1,4.040313229593121
2.220446049250313e-16,56.92147775260024,60.0,normalized_laplacian,0.3048387096774194,1,4.041672734806647
1.1102230246251565e-16,56.98732745326036,60.00000000000001,normalized_laplacian,0.31935483870967746,1,4.042828917735202
0.009159866633837357,57.26962059329771,60.00000000000001,normalized_laplacian,0.3338709677419355,1,4.047770301506882
0.021769170154783534,57.456292217389326,60.000000000000014,normalized_laplacian,0.34838709677419355,1,4.051024523404192
0.025015171470722648,57.580816129283775,60.00000000000001,normalized_laplacian,0.3629032258064516,1,4.053189458916228
0.03379759081088187,57.69345593723532,59.999999999999986,normalized_laplacian,0.3774193548387097,1,4.055143751782838
0.04454938326598718,57.78845703749132,59.99999999999999,normalized_laplacian,0.39193548387096777,1,4.056789050500872
0.06335015362903663,57.88544251320998,60.000000000000014,normalized_laplacian,0.40645161290322585,1,4.058465928324161
0.07124516372769606,57.95437526277283,60.00000000000001,normalized_laplacian,0.42096774193548386,1,4.0596560675875475
0.08121301721309722,58.02172068735186,60.00000000000001,normalized_laplacian,0.43548387096774194,1,4.06081743505033
0.09836534173735877,58.091155353736525,60.00000000000003,normalized_laplacian,0.45,1,4.0620134208363785
0.0,1.0,0.0,normalized_laplacian,0.0,2,0.0
-1.0712141593676105e-16,19.53549440159763,33.00000000000001,normalized_laplacian,0.014516129032258065,2,2.9722330366893455
-8.369778778288884e-17,29.49318202063665,43.00000000000001,normalized_laplacian,0.02903225806451613,2,3.384159118689386
-5.524871489050557e-17,35.10681407040631,48.00000000000003,normalized_laplacian,0.043548387096774194,2,3.5583952446904448
-3.7327617142540877e-16,39.04533559730214,52.0,normalized_laplacian,0.05806451612903226,2,3.6647234222192586
-1.1102230246251565e-16,42.88416869899234,54.0,normalized_laplacian,0.07258064516129033,2,3.7585027298308678
-1.3629587569571775e-16,47.564519054742966,57.00000000000004,normalized_laplacian,0.08709677419354839,2,3.862087085280547
-6.64364670782872e-16,48.509735561209716,57.00000000000004,normalized_laplacian,0.10161290322580646,2,3.881764511020039
-1.1102230246251565e-16,49.931872850522645,57.00000000000001,normalized_laplacian,0.11612903225806452,2,3.9106595333328396
-1.1102230246251565e-16,50.63693907224387,57.0,normalized_laplacian,0.13064516129032258,2,3.9246813311481534
0.0,52.14986744643954,58.00000000000002,normalized_laplacian,0.14516129032258066,2,3.9541216396686623
-5.5019608949527255e-17,52.709535860776064,58.00000000000001,normalized_laplacian,0.15967741935483873,2,3.964796385303324
0.0,53.04596982036768,58.00000000000002,normalized_laplacian,0.17419354838709677,2,3.971158892718327
0.0,53.59223581183475,58.000000000000036,normalized_laplacian,0.18870967741935485,2,3.9814042033275507
0.0,54.76537879503545,59.00000000000002,normalized_laplacian,0.20322580645161292,2,4.003058220487578
-2.7755575615628914e-17,54.99870784862912,58.999999999999986,normalized_laplacian,0.21774193548387097,2,4.007309691295202
-1.1102230246251565e-16,55.24471500985003,59.000000000000014,normalized_laplacian,0.23225806451612904,2,4.011772679892226
0.0,55.46449849258629,59.00000000000001,normalized_laplacian,0.24677419354838712,2,4.015743149278047
-1.1102230246251565e-16,55.62884428539772,59.0,normalized_laplacian,0.26129032258064516,2,4.01870184884709
0.0,56.70129445514722,60.0,normalized_laplacian,0.27580645161290324,2,4.037797040369885
0.0,56.83105817800156,60.00000000000001,normalized_laplacian,0.2903225806451613,2,4.040082975195534
1.1102230246251565e-16,56.91938202542873,60.00000000000001,normalized_laplacian,0.3048387096774194,2,4.04163591626582
2.8689344736682054e-16,56.98736486594677,60.00000000000001,normalized_laplacian,0.31935483870967746,2,4.042829574243864
0.0034682466192401526,57.254029483308976,59.99999999999997,normalized_laplacian,0.3338709677419355,2,4.047498023945442
0.011798808179449723,57.43732343651051,59.99999999999999,normalized_laplacian,0.34838709677419355,2,4.050694326100483
0.027577372184980888,57.58511037304104,60.0,normalized_laplacian,0.3629032258064516,2,4.053264033816803
0.04600626619164068,57.71777385426199,60.0,normalized_laplacian,0.3774193548387097,2,4.055565165148426
0.059873875488331826,57.820767675398756,60.000000000000014,normalized_laplacian,0.39193548387096777,2,4.057348013487242
0.06794135919369067,57.89902137083922,60.00000000000001,normalized_laplacian,0.40645161290322585,2,4.058700482378064
0.08356114635313013,57.98038971117178,60.000000000000036,normalized_laplacian,0.42096774193548386,2,4.060104844946805
0.0964819896816275,58.050710621223494,59.999999999999986,normalized_laplacian,0.43548387096774194,2,4.061316949605985
0.11190007941127145,58.11639667145205,60.000000000000036,normalized_laplacian,0.45,2,4.062447838697741
0.0,1.0,0.0,normalized_laplacian,0.0,3,0.0
-3.189986222540025e-16,19.36129067138189,32.0,normalized_laplacian,0.014516129032258065,3,2.963275746536513
-4.922976953137997e-16,32.23375318749371,47.00000000000001,normalized_laplacian,0.02903225806451613,3,3.47301413917147
-6.677390489075831e-16,36.980707859317896,49.00000000000001,normalized_laplacian,0.043548387096774194,3,3.6103963674555493
-1.3316603534683917e-16,41.13468886389638,52.00000000000003,normalized_laplacian,0.05806451612903226,3,3.716851776811964
0.0,42.44229932204859,51.99999999999998,normalized_laplacian,0.07258064516129033,3,3.748145490460304
-2.244815707240363e-16,44.107509034913676,53.0,normalized_laplacian,0.08709677419354839,3,3.7866300408585523
-1.1102230246251565e-16,46.48481349811658,54.0,normalized_laplacian,0.10161290322580646,3,3.8391256678123593
-1.1102230246251565e-16,47.19573404083261,54.000000000000014,normalized_laplacian,0.11612903225806452,3,3.8543035080161125
-2.5814599616995684e-16,49.096070188503795,55.00000000000002,normalized_laplacian,0.13064516129032258,3,3.8937789947033354
-3.0791341698588326e-17,50.323131050225655,56.00000000000002,normalized_laplacian,0.14516129032258066,3,3.9184648332351575
-1.8792057607402914e-16,51.62553639336692,57.00000000000003,normalized_laplacian,0.15967741935483873,3,3.9440164414135035
-1.1102230246251565e-16,51.96741000821916,57.00000000000002,normalized_laplacian,0.17419354838709677,3,3.950616791492531
-3.9064604394595844e-17,53.15631329722028,58.000000000000014,normalized_laplacian,0.18870967741935485,3,3.973236880372057
0.0,53.40599169385556,58.00000000000002,normalized_laplacian,0.20322580645161292,3,3.9779229436765364
-1.1102230246251565e-16,53.561211435885575,58.0,normalized_laplacian,0.21774193548387097,3,3.9808251388622824
-5.95212981329313e-18,54.16787690463361,58.00000000000001,normalized_laplacian,0.23225806451612904,3,3.992088055706859
0.0,54.45844825204675,58.00000000000002,normalized_laplacian,0.24677419354838712,3,3.997437993487609
0.0,54.665783766297444,58.000000000000036,normalized_laplacian,0.26129032258064516,3,4.001237988409156
0.0,55.71622279848939,58.999999999999986,normalized_laplacian,0.27580645161290324,3,4.020271357641994
0.0,56.819240820736916,60.00000000000001,normalized_laplacian,0.2903225806451613,3,4.039875015209307
2.7968983374095556e-16,56.91844339190425,60.0,normalized_laplacian,0.3048387096774194,3,4.041619425551577
1.1102230246251565e-16,56.98732745326041,60.0,normalized_laplacian,0.31935483870967746,3,4.042828917735203
0.0034423207138608554,57.22025004219881,59.99999999999999,normalized_laplacian,0.3338709677419355,3,4.046907857451613
0.009283874694763484,57.42551353219321,60.000000000000014,normalized_laplacian,0.34838709677419355,3,4.050488691194179
0.02201730104335123,57.566780886060634,60.00000000000003,normalized_laplacian,0.3629032258064516,3,4.052945680606364
0.033026016368609364,57.674010599693815,60.000000000000014,normalized_laplacian,0.3774193548387097,3,4.05480664916094
0.049228529337346075,57.77722739981097,59.99999999999999,normalized_laplacian,0.39193548387096777,3,4.056594708421381
0.07708445353698583,57.89829859350755,59.99999999999999,normalized_laplacian,0.40645161290322585,3,4.058687998888257
0.09538311244939801,57.99117489031566,60.00000000000002,normalized_laplacian,0.42096774193548386,3,4.060290841905836
0.11161940688513314,58.06999711580373,60.000000000000014,normalized_laplacian,0.43548387096774194,3,4.061649129716379
0.12276744788174666,58.131133418739715,60.00000000000003,normalized_laplacian,0.45,3,4.062701379523171
0.0,1.0,0.0,normalized_laplacian,0.0,4,0.0
-4.3825735395729285e-16,18.145856667917755,29.000000000000004,normalized_laplacian,0.014516129032258065,4,2.898442251891032
-7.66569220275197e-16,27.258635953782566,40.0,normalized_laplacian,0.02903225806451613,4,3.305370386637209
-1.1404721005724513e-16,35.424973774776014,49.00000000000001,normalized_laplacian,0.043548387096774194,4,3.5674170452737464
0.0,39.72777234804062,51.0,normalized_laplacian,0.05806451612903226,4,3.6820504984846076
-1.1102230246251565e-16,41.6090034715597,52.00000000000003,normalized_laplacian,0.07258064516129033,4,3.72831657345451
-3.30368910527877e-16,43.41717189003444,53.00000000000001,normalized_laplacian,0.08709677419354839,4,3.770855028520336
-1.1102230246251565e-16,45.96300230302129,55.000000000000014,normalized_laplacian,0.10161290322580646,4,3.827836775107708
-1.1102230246251565e-16,47.40158332659968,56.000000000000036,normalized_laplacian,0.11612903225806452,4,3.858655631657907
-2.4634976461315247e-16,48.49517680199916,56.000000000000014,normalized_laplacian,0.13064516129032258,4,3.881464345616758
-1.1102230246251565e-16,49.492683157683075,56.00000000000003,normalized_laplacian,0.14516129032258066,4,3.90182484365263
-1.1102230246251565e-16,50.97808369293367,56.99999999999998,normalized_laplacian,0.15967741935483873,4,3.9313958088521743
-8.76737582774336e-18,51.61657642417311,57.00000000000003,normalized_laplacian,0.17419354838709677,4,3.943842869428743
-1.2724828950477628e-16,51.95508771898343,57.00000000000004,normalized_laplacian,0.18870967741935485,4,3.950379647667797
-1.1102230246251565e-16,52.25573028072915,57.00000000000001,normalized_laplacian,0.20322580645161292,4,3.956149555276134
-1.1102230246251565e-16,52.47431602640188,57.00000000000002,normalized_laplacian,0.21774193548387097,4,3.9603238313464164
-2.220446049250313e-16,52.644331978651294,57.00000000000003,normalized_laplacian,0.23225806451612904,4,3.9635585780583273
-1.5629085884944799e-16,53.69827541077273,58.000000000000014,normalized_laplacian,0.24677419354838712,4,3.9833808857434843
-1.0863653722460757e-16,55.23936977626373,58.99999999999999,normalized_laplacian,0.26129032258064516,4,4.011675919646606
0.0,55.68728379850387,59.00000000000003,normalized_laplacian,0.27580645161290324,4,4.019751822817276
1.1102230246251565e-16,56.75531929201057,60.00000000000001,normalized_laplacian,0.2903225806451613,4,4.038749383986748
1.1102230246251565e-16,56.90313092195771,60.0,normalized_laplacian,0.3048387096774194,4,4.0413503646089355
1.3097162243624894e-16,57.01167060987634,60.000000000000014,normalized_laplacian,0.31935483870967746,4,4.043255994418323
0.0034423207138608554,57.22025004219881,59.99999999999999,normalized_laplacian,0.3338709677419355,4,4.046907857451613
0.027118878808565346,57.45302030314339,59.99999999999999,normalized_laplacian,0.34838709677419355,4,4.050967575639471
0.031006686742605916,57.581146204248476,60.00000000000001,normalized_laplacian,0.3629032258064516,4,4.053195191277123
0.03625910055367554,57.68209451585182,60.00000000000002,normalized_laplacian,0.3774193548387097,4,4.054946805005542
0.05842186132459072,57.80208474558191,60.00000000000003,normalized_laplacian,0.39193548387096777,4,4.0570248432905505
0.0788396196942757,57.90499967259302,60.0,normalized_laplacian,0.40645161290322585,4,4.058803730982132
0.0912260784349152,57.98707326521304,59.99999999999999,normalized_laplacian,0.42096774193548386,4,4.060220110968448
0.1020106569489497,58.06144307460959,60.00000000000001,normalized_laplacian,0.43548387096774194,4,4.061501813172374
0.10793921863935856,58.1177226401328,60.0,normalized_laplacian,0.45,4,4.062470654178921
