accuracy,epoch,loss
0.28333333134651184,0,1.0946147441864014
0.824999988079071,5,0.5946757197380066
1.0,10,0.1269392967224121
1.0,15,0.007162059191614389
1.0,20,0.000501723145134747
1.0,25,0.0001247780310222879
1.0,30,5.9271656937198713e-05
1.0,35,3.1257794034900144e-05
1.0,40,1.7356745956931263e-05
1.0,45,1.0711090908444021e-05
1.0,50,7.444372386089526e-06
1.0,55,5.749585852754535e-06
1.0,60,4.822158189199399e-06
1.0,65,4.289895059628179e-06
1.0,70,3.989994183939416e-06
1.0,75,3.82614189220476e-06
1.0,80,3.745709818758769e-06
1.0,85,3.7238730783428764e-06
1.0,90,3.742756462088437e-06
1.0,95,3.797395720539498e-06
1.0,100,3.880838448822033e-06
1.0,105,3.987126092397375e-06
1.0,110,4.109304882149445e-06
1.0,115,4.255322437529685e-06
1.0,120,4.4251778490433935e-06
1.0,125,4.615890702552861e-06
1.0,130,4.854276085097808e-06
1.0,135,5.135363153385697e-06
1.0,140,5.450219305203063e-06
1.0,145,5.790897375845816e-06
1.0,150,6.155408755148528e-06
1.0,155,6.538785783050116e-06
1.0,159,6.8705130615853705e-06
